person_id,github_username
1,curt8
2,fruno
3,hgran
4,kihn.
5,gertr
6,purdy
7,jherm
8,ctorp
9,karin
10,yfram
11,leone
12,qwyma
13,cmori
14,hilpe
15,murie
16,krist
17,frede
18,jocel
19,charl
20,ufeil
21,kacey
22,lkirl
23,timmo
24,leffl
25,eberg
26,wbrad
27,mwelc
28,ccart
29,pullr
30,mmarv
31,emmie
32,cruic
33,koby4
34,zelda
35,dora.
36,simon
37,pinki
38,vesta
39,kilba
40,ynien
41,toby0
42,diamo
43,marce
44,alyce
45,tfrit
46,kelli
47,domen
48,conn.
49,qleff
50,bret.
51,chris
52,bethe
53,nzeml
54,green
55,cgayl
56,rath.
57,simon
58,peter
59,lora.
60,mirey
61,buste
62,ernes
63,holli
64,purdy
65,adria
66,clehn
67,prisc
68,milto
69,watso
70,netti
71,barto
72,dell4
73,terry
74,tyrel
75,minni
76,gabri
77,sbogi
78,tess5
79,kenya
80,winth
81,macej
82,richm
83,aurel
84,labad
85,tess4
86,barto
87,mraz.
88,hans.
89,james
90,dpadb
91,osanf
92,kilba
93,alean
94,luthe
95,evert
96,maris
97,andre
98,earne
99,dax10
100,sharo