email_id,person_id,email,date_added
1,1,curt83@marquardt.com,3/5/2021
2,2,frunolfsson@hotmail.com,3/5/2021
3,3,hgrant@yahoo.com,3/5/2021
4,4,kihn.roslyn@hotmail.com,3/5/2021
5,5,gertrude.brekke@hotmail.com,3/5/2021
6,6,purdy.thurman@hotmail.com,3/5/2021
7,7,jherman@willms.info,3/5/2021
8,8,ctorp@kohler.com,3/5/2021
9,9,karina83@gmail.com,3/5/2021
10,10,yframi@gmail.com,3/5/2021
11,11,leonel82@gmail.com,3/5/2021
12,12,qwyman@senger.com,3/5/2021
13,13,cmorissette@hotmail.com,3/5/2021
14,14,hilpert.lexie@hotmail.com,3/5/2021
15,15,muriel.rosenbaum@macejkovic.info,3/5/2021
16,16,krista.mueller@hotmail.com,3/5/2021
17,17,frederik83@crooks.biz,3/5/2021
18,18,jocelyn.koepp@gmail.com,3/5/2021
19,19,charlie09@hotmail.com,3/5/2021
20,20,ufeil@gmail.com,3/5/2021
21,21,kacey.volkman@gusikowski.biz,3/5/2021
22,22,lkirlin@armstrong.net,3/5/2021
23,23,timmothy.douglas@langosh.com,3/5/2021
24,24,leffler.nigel@gmail.com,3/5/2021
25,25,ebergstrom@crona.com,3/5/2021
26,26,wbradtke@quigley.com,3/5/2021
27,27,mwelch@yahoo.com,3/5/2021
28,28,ccarter@yahoo.com,3/5/2021
29,29,pullrich@gmail.com,3/5/2021
30,30,mmarvin@yahoo.com,3/5/2021
31,31,emmie88@ullrich.biz,3/5/2021
32,32,cruickshank.juliet@gmail.com,3/5/2021
33,33,koby48@wehner.com,3/5/2021
34,34,zelda37@legros.com,3/5/2021
35,35,dora.flatley@kulas.net,3/5/2021
36,36,simone.casper@hotmail.com,3/5/2021
37,37,pinkie.lockman@gmail.com,3/5/2021
38,38,vesta81@wolf.com,3/5/2021
39,39,kilback.jaden@hotmail.com,3/5/2021
40,40,ynienow@eichmann.biz,3/5/2021
41,41,toby01@gmail.com,3/5/2021
42,42,diamond68@gmail.com,3/5/2021
43,43,marcella.bernhard@hotmail.com,3/5/2021
44,44,alyce.kuhic@hotmail.com,3/5/2021
45,45,tfritsch@romaguera.biz,3/5/2021
46,46,kelli.rolfson@gmail.com,3/5/2021
47,47,domenico09@gmail.com,3/5/2021
48,48,conn.ellis@strosin.com,3/5/2021
49,49,qleffler@gmail.com,3/5/2021
50,50,bret.schumm@yahoo.com,3/5/2021
51,51,christiansen.keanu@gmail.com,3/5/2021
52,52,bethel29@gmail.com,3/5/2021
53,53,nzemlak@grimes.biz,3/5/2021
54,54,greenfelder.lavada@hotmail.com,3/5/2021
55,55,cgaylord@gmail.com,3/5/2021
56,56,rath.allie@hotmail.com,3/5/2021
57,57,simonis.angelo@yahoo.com,3/5/2021
58,58,peter.parisian@hotmail.com,3/5/2021
59,59,lora.hagenes@cole.com,3/5/2021
60,60,mireya06@langworth.com,3/5/2021
61,61,buster.pouros@gmail.com,3/5/2021
62,62,ernesto.lubowitz@gmail.com,3/5/2021
63,63,hollie.hand@stehr.com,3/5/2021
64,64,purdy.edwina@kuhlman.com,3/5/2021
65,65,adrianna.schiller@schoen.net,3/5/2021
66,66,clehner@herman.com,3/5/2021
67,67,priscilla.larkin@hotmail.com,3/5/2021
68,68,milton.dach@west.org,3/5/2021
69,69,watson.weimann@runolfsdottir.net,3/5/2021
70,70,nettie01@hotmail.com,3/5/2021
71,71,bartoletti.bianka@yahoo.com,3/5/2021
72,72,dell45@kassulke.com,3/5/2021
73,73,terry.aditya@witting.org,3/5/2021
74,74,tyrell29@krajcik.info,3/5/2021
75,75,minnie81@hotmail.com,3/5/2021
76,76,gabriella93@schuppe.net,3/5/2021
77,77,sbogisich@yahoo.com,3/5/2021
78,78,tess53@yahoo.com,3/5/2021
79,79,kenya.botsford@pacocha.com,3/5/2021
80,80,wintheiser.kaya@gmail.com,3/5/2021
81,81,macejkovic.omari@gmail.com,3/5/2021
82,82,richmond.bergstrom@yahoo.com,3/5/2021
83,83,aurelie49@cole.com,3/5/2021
84,84,labadie.bernardo@hilpert.info,3/5/2021
85,85,tess47@gmail.com,3/5/2021
86,86,barton.tamara@wolff.net,3/5/2021
87,87,mraz.orie@bartoletti.com,3/5/2021
88,88,hans.tremblay@beier.com,3/5/2021
89,89,jameson.kuvalis@gmail.com,3/5/2021
90,90,dpadberg@hotmail.com,3/5/2021
91,91,osanford@gibson.com,3/5/2021
92,92,kilback.kayley@yahoo.com,3/5/2021
93,93,aleannon@walter.com,3/5/2021
94,94,luther51@gmail.com,3/5/2021
95,95,evert.moen@gmail.com,3/5/2021
96,96,marisol.zieme@yahoo.com,3/5/2021
97,97,andreane55@gmail.com,3/5/2021
98,98,earnest07@gmail.com,3/5/2021
99,99,dax10@hotmail.com,3/5/2021
100,100,sharon10@gmail.com,3/5/2021
101,22,keeling.osbaldo@yahoo.com,7/2021
102,45,ljohnston@bartell.com,8/5/2021
103,22,jpagac@hotmail.com,10/27/2021
104,3,sabryna05@kreiger.com,3/10/2022
105,55,umarquardt@harvey.info,3/11/2022
106,72,kraig87@yahoo.com,3/10/2022
107,12,hermiston.fannie@hotmail.com,3/10/2022
108,19,cchamplin@pfannerstill.com,5/20/2022
109,92,darrion15@rempel.com,5/20/2022
110,67,jennings63@bauch.org,6/1/2022