person_id,name,role
1,Pia Emery,student
2,Adriana Kent,student
3,Jareth Rios,student
4,Agnes Tomlinson,student
5,Ansh Melton,student
6,Suhail Ashley,student
7,Arabella Christie,student
8,Amara Finch,student
9,Pranav Davies,student
10,Kaden Connolly,student
11,Gladys Preston,student
12,Asa Healy,student
13,Rhydian Wells,student
14,Stephen Bullock,student
15,Raymond Frye,student
16,Steven Bean,student
17,Dafydd Ryan,student
18,Che Nielsen,student
19,Max Pham,instructor
20,Malia Broughton,student
21,Bilal Shelton,student
22,Ayana Brett,student
23,Ahmet Senior,student
24,Beth Warren,student
25,Noah Mcgregor,student
26,Ocean Swan,student
27,Richie Vega,student
28,King Sharpe,student
29,Everly Bone,student
30,Emmy Fields,instructor
31,Sinead Rosales,student
32,Alistair Mcdonnell,student
33,Chandni Findlay,student
34,Rocky Rodgers,student
35,Carolina Short,student
36,Tess Green,student
37,Remy John,student
38,Thiago Gates,student
39,Katie Hendrix,student
40,Xanthe Wiley,student
41,Jennie Pittman,student
42,Angelika Brandt,student
43,Arlo Mcnamara,student
44,Liana Valenzuela,student
45,Miller Dominguez,student
46,Esther Fitzpatrick,student
47,Poppie Chang,student
48,Iram Rich,student
49,Darren Atherton,student
50,Carter Gibbs,student
51,Skye Ball,student
52,Celyn Drake,student
53,Kimberly Mellor,ssm
54,Inaayah Hardy,student
55,Caius Martins,student
56,Hadiya Adkins,student
57,Joseph Thompson,student
58,Kaydee Wood,student
59,Ishaaq Lowry,student
60,Ivie Anderson,student
61,Safaa Beck,student
62,Emil Mackie,student
63,Cadence Schmidt,student
64,Melody Mccaffrey,student
65,Henri Head,student
66,India Bouvet,student
67,Sila Morgan,student
68,Jorden Mccoy,student
69,Clara Rudd,student
70,Ronald Cairns,student
71,Rima Gill,student
72,Zaid May,student
73,Aimie Ramos,student
74,Marcel Doherty,student
75,Heena Piper,student
76,Areeba Cortes,student
77,Lawson Nolan,student
78,Alyx Sellers,student
79,Rajan Galloway,student
80,Elise Tanner,student
81,Ayrton Mora,ssm
82,Layan Hurst,student
83,Raheel Marin,student
84,Eden Knox,student
85,Marnie Gardiner,student
86,Ramone Lawrence,student
87,Malaki Pike,student
88,Tyler-James Haney,instructor
89,Annika Johnston,student
90,Gurleen Chester,student
91,Camden Kim,student